{
  "model": "PINNResidualNet",
  "device": "cpu",
  "device_name": "CPU (Intel64 Family 6 Model 186 Stepping 2, GenuineIntel)",
  "n_parameters": 43916,
  "epochs_max": 15,
  "epochs_run": 15,
  "best_epoch": 15,
  "early_stopping_patience": 15,
  "training_wall_time_s": 16.63,
  "batch_size": 256,
  "window_size": 8,
  "hidden_width": 128,
  "depth": 2,
  "activation": "tanh",
  "learning_rate": 0.001,
  "lr_schedule": "cosine_annealing",
  "lambda_norm": 0.1,
  "optimizer": "Adam",
  "grad_clip_norm": 1.0,
  "n_train_samples": 9240,
  "n_val_samples": 4620,
  "n_train_trajectories": 40,
  "n_val_trajectories": 20,
  "best_val_loss": 6.653879644976482e-06,
  "train_loss_curve": [
    -3.181014290733917,
    -5.883121670903386,
    -5.960324042552227,
    -5.974654983829808,
    -5.956235498995395,
    -5.969826015266213,
    -5.981897431450921,
    -5.985926976075044,
    -5.987847237973599,
    -5.982923597902865,
    -5.99387940844974,
    -5.996690002647606,
    -5.997306076256004,
    -5.997595207111256,
    -5.997689582206108
  ],
  "val_loss_curve": [
    0.00012101173629880098,
    0.00010286361525925856,
    0.00013394692053368904,
    3.205762531203953e-05,
    9.655589306739305e-05,
    3.642162760355093e-05,
    2.0697787093874803e-05,
    3.339255693534046e-05,
    5.889806887257452e-05,
    6.607545640834264e-05,
    8.279142650137242e-06,
    1.0640834884007314e-05,
    6.969811262311659e-06,
    7.325575073704577e-06,
    6.653879644976482e-06
  ]
}