{
  "model": "PINNResidualNet",
  "device": "cpu",
  "device_name": "CPU (Intel64 Family 6 Model 186 Stepping 2, GenuineIntel)",
  "n_parameters": 76940,
  "epochs_max": 15,
  "epochs_run": 15,
  "best_epoch": 14,
  "early_stopping_patience": 15,
  "training_wall_time_s": 3.17,
  "batch_size": 256,
  "window_size": 8,
  "hidden_width": 128,
  "depth": 4,
  "activation": "tanh",
  "learning_rate": 0.0003,
  "lr_schedule": "cosine_annealing",
  "lambda_norm": 0.1,
  "optimizer": "Adam",
  "grad_clip_norm": 1.0,
  "n_train_samples": 9240,
  "n_val_samples": 4620,
  "n_train_trajectories": 40,
  "n_val_trajectories": 20,
  "best_val_loss": 4.040706687048537e-06,
  "train_loss_curve": [
    -1.235805496825157,
    -3.733302908974725,
    -5.278298725952974,
    -5.815115052300531,
    -5.963289415514147,
    -5.99549370843011,
    -5.996689796447754,
    -5.997314917074667,
    -5.997760798480059,
    -5.998093811241356,
    -5.998188946698163,
    -5.998292136836696,
    -5.998330154934445,
    -5.998332577782708,
    -5.998383934433396
  ],
  "val_loss_curve": [
    5.326704654419844e-05,
    2.8295009063808002e-05,
    2.6960812599434958e-05,
    6.948829411014326e-06,
    8.379170211762693e-06,
    1.1103052058483867e-05,
    1.653455561417535e-05,
    7.929628030691866e-06,
    4.878309063745914e-06,
    4.743187326695127e-06,
    4.149127514545781e-06,
    4.363463523603921e-06,
    4.16513484867066e-06,
    4.040706687048537e-06,
    4.063368267356725e-06
  ]
}