{
  "model": "PINNResidualNet",
  "device": "cpu",
  "device_name": "CPU (Intel64 Family 6 Model 186 Stepping 2, GenuineIntel)",
  "n_parameters": 252172,
  "epochs_max": 15,
  "epochs_run": 15,
  "best_epoch": 15,
  "early_stopping_patience": 15,
  "training_wall_time_s": 4.18,
  "batch_size": 256,
  "window_size": 8,
  "hidden_width": 256,
  "depth": 4,
  "activation": "tanh",
  "learning_rate": 0.001,
  "lr_schedule": "cosine_annealing",
  "lambda_norm": 0.1,
  "optimizer": "Adam",
  "grad_clip_norm": 1.0,
  "n_train_samples": 9240,
  "n_val_samples": 4620,
  "n_train_trajectories": 40,
  "n_val_trajectories": 20,
  "best_val_loss": 4.2944551703265845e-06,
  "train_loss_curve": [
    -4.117146957841878,
    -5.7090413892591325,
    -5.781143433338887,
    -5.882394597337052,
    -5.931327046574773,
    -5.938007831573486,
    -5.930061353219522,
    -5.960851579099088,
    -5.964471778354129,
    -5.969560932468724,
    -5.99278653634561,
    -5.992815481649862,
    -5.9956404711749105,
    -5.997955077403301,
    -5.998340464927055
  ],
  "val_loss_curve": [
    0.0008858957934487415,
    0.0011444767312097706,
    0.0003800550031500231,
    0.0001727643784282631,
    0.0001205711247932509,
    6.450542768059102e-05,
    0.0001230513467147064,
    0.00021880738418794384,
    0.00017695103490136956,
    3.3417766979638195e-05,
    6.232951447696235e-06,
    1.5954092544377902e-05,
    1.0532067407391304e-05,
    4.934936369911731e-06,
    4.2944551703265845e-06
  ]
}