{
  "model": "PINNResidualNet",
  "device": "cpu",
  "device_name": "CPU (Intel64 Family 6 Model 186 Stepping 2, GenuineIntel)",
  "n_parameters": 76940,
  "epochs_max": 15,
  "epochs_run": 15,
  "best_epoch": 12,
  "early_stopping_patience": 15,
  "training_wall_time_s": 3.2,
  "batch_size": 256,
  "window_size": 8,
  "hidden_width": 128,
  "depth": 4,
  "activation": "tanh",
  "learning_rate": 0.0003,
  "lr_schedule": "cosine_annealing",
  "lambda_norm": 0.1,
  "optimizer": "Adam",
  "grad_clip_norm": 1.0,
  "n_train_samples": 9240,
  "n_val_samples": 4620,
  "n_train_trajectories": 40,
  "n_val_trajectories": 20,
  "best_val_loss": 4.127577360697232e-06,
  "train_loss_curve": [
    -1.0369189427913845,
    -3.3834925213375606,
    -5.05999468468331,
    -5.834545148385538,
    -5.987712769894986,
    -5.995600842140816,
    -5.9957727483800936,
    -5.997130741944185,
    -5.997769226899019,
    -5.998079235489304,
    -5.9980851637350545,
    -5.998191549971297,
    -5.998365196021828,
    -5.9983625411987305,
    -5.998377452025542
  ],
  "val_loss_curve": [
    7.628165047591258e-05,
    2.3339083590575394e-05,
    8.94359496478022e-06,
    8.50698102352142e-06,
    7.494550716632818e-06,
    6.847502917432728e-06,
    9.023095069431675e-06,
    5.2783470532870665e-06,
    5.451633737002818e-06,
    5.507795549419825e-06,
    4.656544720809937e-06,
    4.127577360697232e-06,
    4.287201040585244e-06,
    4.180397725481032e-06,
    4.1444607057584155e-06
  ]
}