{
  "model": "PINNResidualNet",
  "device": "cpu",
  "device_name": "CPU (Intel64 Family 6 Model 186 Stepping 2, GenuineIntel)",
  "n_parameters": 109964,
  "epochs_max": 15,
  "epochs_run": 15,
  "best_epoch": 15,
  "early_stopping_patience": 15,
  "training_wall_time_s": 13.09,
  "batch_size": 256,
  "window_size": 8,
  "hidden_width": 128,
  "depth": 6,
  "activation": "tanh",
  "learning_rate": 0.001,
  "lr_schedule": "cosine_annealing",
  "lambda_norm": 0.1,
  "optimizer": "Adam",
  "grad_clip_norm": 1.0,
  "n_train_samples": 9240,
  "n_val_samples": 4620,
  "n_train_trajectories": 40,
  "n_val_trajectories": 20,
  "best_val_loss": 4.074523387412467e-06,
  "train_loss_curve": [
    -3.1120129783159576,
    -5.927836521251781,
    -5.961725918022362,
    -5.956042882558462,
    -5.968633368208602,
    -5.983671162579511,
    -5.986159608170793,
    -5.990376098735912,
    -5.994336617959513,
    -5.991300892185521,
    -5.996224261618949,
    -5.997396610878609,
    -5.997754509384568,
    -5.998192194345835,
    -5.998335554793075
  ],
  "val_loss_curve": [
    0.00011501570713191636,
    6.023529625197529e-05,
    7.175855142505545e-05,
    0.0001653286591662388,
    2.2994164522204203e-05,
    2.741100491364609e-05,
    1.960239717989584e-05,
    1.46541788126342e-05,
    6.198048906394673e-05,
    9.552907086847546e-06,
    1.1341126178434168e-05,
    7.446047076978414e-06,
    6.193574539505981e-06,
    4.513753412395186e-06,
    4.074523387412467e-06
  ]
}