{
  "model": "PINNResidualNet",
  "device": "cpu",
  "device_name": "CPU (Intel64 Family 6 Model 186 Stepping 2, GenuineIntel)",
  "n_parameters": 26188,
  "epochs_max": 15,
  "epochs_run": 15,
  "best_epoch": 15,
  "early_stopping_patience": 15,
  "training_wall_time_s": 2.62,
  "batch_size": 256,
  "window_size": 8,
  "hidden_width": 64,
  "depth": 4,
  "activation": "tanh",
  "learning_rate": 0.001,
  "lr_schedule": "cosine_annealing",
  "lambda_norm": 0.1,
  "optimizer": "Adam",
  "grad_clip_norm": 1.0,
  "n_train_samples": 9240,
  "n_val_samples": 4620,
  "n_train_trajectories": 40,
  "n_val_trajectories": 20,
  "best_val_loss": 4.040369204679002e-06,
  "train_loss_curve": [
    -1.480766616299956,
    -4.353910446166992,
    -5.58745188326449,
    -5.883266049462396,
    -5.986790889018291,
    -5.992238766438252,
    -5.994888138126683,
    -5.995420352832691,
    -5.996080334122117,
    -5.997513075132628,
    -5.99794662320936,
    -5.998170504698882,
    -5.998089584144386,
    -5.998319058804898,
    -5.998387736243171
  ],
  "val_loss_curve": [
    6.568068783963099e-05,
    1.015363039569868e-05,
    0.00012977087432150975,
    5.090217861212104e-05,
    5.57806126476192e-05,
    2.287016372735563e-05,
    6.126375254959719e-06,
    1.9950816414692734e-05,
    7.5401306658980165e-06,
    7.819860074002799e-06,
    4.435070829793786e-06,
    4.939984448451708e-06,
    4.521084484191593e-06,
    4.320812530223568e-06,
    4.040369204679002e-06
  ]
}