{
  "model": "PINNResidualNet",
  "device": "cpu",
  "device_name": "CPU (Intel64 Family 6 Model 186 Stepping 2, GenuineIntel)",
  "n_parameters": 109964,
  "epochs_max": 15,
  "epochs_run": 15,
  "best_epoch": 15,
  "early_stopping_patience": 15,
  "training_wall_time_s": 6.53,
  "batch_size": 256,
  "window_size": 8,
  "hidden_width": 128,
  "depth": 6,
  "activation": "tanh",
  "learning_rate": 0.001,
  "lr_schedule": "cosine_annealing",
  "lambda_norm": 0.1,
  "optimizer": "Adam",
  "grad_clip_norm": 1.0,
  "n_train_samples": 9240,
  "n_val_samples": 4620,
  "n_train_trajectories": 40,
  "n_val_trajectories": 20,
  "best_val_loss": 4.06385135863131e-06,
  "train_loss_curve": [
    -3.3102466408226237,
    -5.877264280576964,
    -5.973761107470538,
    -5.977750211148648,
    -5.98280279056446,
    -5.986035578959697,
    -5.988282989811253,
    -5.991339503107844,
    -5.994128162796433,
    -5.994345896952861,
    -5.996418501879718,
    -5.996614211314434,
    -5.997962951660156,
    -5.998288438126847,
    -5.99834308108768
  ],
  "val_loss_curve": [
    0.00021082436892596123,
    0.00011639412887713039,
    0.00010201738998722776,
    3.778161896518309e-05,
    3.0788721759515616e-05,
    2.660342847536269e-05,
    1.539206895310934e-05,
    2.1423944752697072e-05,
    1.897727217606428e-05,
    1.3633642801754545e-05,
    1.040348701951045e-05,
    5.445486988863099e-06,
    4.7525433106593e-06,
    4.604277556178491e-06,
    4.06385135863131e-06
  ]
}