{
  "model": "PINNResidualNet",
  "device": "cpu",
  "device_name": "CPU (Intel64 Family 6 Model 186 Stepping 2, GenuineIntel)",
  "n_parameters": 252172,
  "epochs_max": 15,
  "epochs_run": 15,
  "best_epoch": 15,
  "early_stopping_patience": 15,
  "training_wall_time_s": 4.15,
  "batch_size": 256,
  "window_size": 8,
  "hidden_width": 256,
  "depth": 4,
  "activation": "tanh",
  "learning_rate": 0.001,
  "lr_schedule": "cosine_annealing",
  "lambda_norm": 0.1,
  "optimizer": "Adam",
  "grad_clip_norm": 1.0,
  "n_train_samples": 9240,
  "n_val_samples": 4620,
  "n_train_trajectories": 40,
  "n_val_trajectories": 20,
  "best_val_loss": 4.1800170421131615e-06,
  "train_loss_curve": [
    -4.487491355453794,
    -5.87176176019617,
    -5.885133678848679,
    -5.901088405299831,
    -5.917994679631414,
    -5.896641460624901,
    -5.956597830798175,
    -5.973530936885524,
    -5.9673124390679435,
    -5.9796964413410905,
    -5.985709113043708,
    -5.991938848753233,
    -5.99447234901222,
    -5.998003972543253,
    -5.998270434302253
  ],
  "val_loss_curve": [
    0.0002819741279573033,
    7.239817875272006e-05,
    0.00013484315614301808,
    9.405505031616868e-05,
    0.00021118053777363936,
    0.00015366912090317592,
    8.217249169798666e-05,
    6.301305429109274e-05,
    7.074555986419957e-05,
    5.211877865612654e-05,
    2.8584433063147835e-05,
    6.615824033935114e-05,
    4.840557171279981e-06,
    5.451765948811571e-06,
    4.1800170421131615e-06
  ]
}