{
  "model": "PINNResidualNet",
  "device": "cpu",
  "device_name": "CPU (Intel64 Family 6 Model 186 Stepping 2, GenuineIntel)",
  "n_parameters": 43916,
  "epochs_max": 15,
  "epochs_run": 15,
  "best_epoch": 14,
  "early_stopping_patience": 15,
  "training_wall_time_s": 9.27,
  "batch_size": 256,
  "window_size": 8,
  "hidden_width": 128,
  "depth": 2,
  "activation": "tanh",
  "learning_rate": 0.001,
  "lr_schedule": "cosine_annealing",
  "lambda_norm": 0.1,
  "optimizer": "Adam",
  "grad_clip_norm": 1.0,
  "n_train_samples": 9240,
  "n_val_samples": 4620,
  "n_train_trajectories": 40,
  "n_val_trajectories": 20,
  "best_val_loss": 5.68530837378938e-06,
  "train_loss_curve": [
    -3.044489716758599,
    -5.880547742585878,
    -5.973913411836366,
    -5.973610426928546,
    -5.979170129105851,
    -5.985299690349682,
    -5.979227529989706,
    -5.983858172957961,
    -5.992245107083707,
    -5.99482333982313,
    -5.996130840198414,
    -5.997050233789392,
    -5.997505149325809,
    -5.997673704817489,
    -5.997756790470433
  ],
  "val_loss_curve": [
    0.00021261101669791204,
    4.504180345209438e-05,
    6.234852250935019e-05,
    4.780389357811624e-05,
    2.7210241952209463e-05,
    2.3053754615064366e-05,
    3.0328928627760004e-05,
    3.254082883741878e-05,
    1.890937313108129e-05,
    1.1545191658737358e-05,
    6.971657345083689e-06,
    7.432148765330662e-06,
    7.358442907819776e-06,
    5.68530837378938e-06,
    5.716806191757266e-06
  ]
}