{
  "model": "PINNResidualNet",
  "device": "cpu",
  "device_name": "CPU (Intel64 Family 6 Model 186 Stepping 2, GenuineIntel)",
  "n_parameters": 26188,
  "epochs_max": 15,
  "epochs_run": 15,
  "best_epoch": 15,
  "early_stopping_patience": 15,
  "training_wall_time_s": 2.69,
  "batch_size": 256,
  "window_size": 8,
  "hidden_width": 64,
  "depth": 4,
  "activation": "tanh",
  "learning_rate": 0.001,
  "lr_schedule": "cosine_annealing",
  "lambda_norm": 0.1,
  "optimizer": "Adam",
  "grad_clip_norm": 1.0,
  "n_train_samples": 9240,
  "n_val_samples": 4620,
  "n_train_trajectories": 40,
  "n_val_trajectories": 20,
  "best_val_loss": 4.023353264863927e-06,
  "train_loss_curve": [
    -1.4039924484551758,
    -4.482135373192865,
    -5.786083801372631,
    -5.98717197212013,
    -5.991352261723699,
    -5.994158319524817,
    -5.996459870725064,
    -5.988064314867999,
    -5.994933218569369,
    -5.997331541937751,
    -5.997939857276711,
    -5.997726195567363,
    -5.998251734553157,
    -5.99834089021425,
    -5.998369732418576
  ],
  "val_loss_curve": [
    4.755908785706484e-05,
    4.3021002248248185e-05,
    6.427360628884726e-05,
    3.5199011970115335e-05,
    2.1177034413037626e-05,
    1.0796261281747751e-05,
    8.368623352189866e-06,
    3.931250103050843e-05,
    9.471604555169746e-06,
    8.087386815627964e-06,
    7.335713893266266e-06,
    4.824241578286379e-06,
    4.111539133670081e-06,
    4.350558870818962e-06,
    4.023353264863927e-06
  ]
}