{
  "model": "PINNResidualNet",
  "device": "cpu",
  "device_name": "CPU (Intel64 Family 6 Model 186 Stepping 2, GenuineIntel)",
  "n_parameters": 76940,
  "epochs_max": 15,
  "epochs_run": 15,
  "best_epoch": 15,
  "early_stopping_patience": 15,
  "training_wall_time_s": 3.14,
  "batch_size": 256,
  "window_size": 8,
  "hidden_width": 128,
  "depth": 4,
  "activation": "tanh",
  "learning_rate": 0.001,
  "lr_schedule": "cosine_annealing",
  "lambda_norm": 0.1,
  "optimizer": "Adam",
  "grad_clip_norm": 1.0,
  "n_train_samples": 9240,
  "n_val_samples": 4620,
  "n_train_trajectories": 40,
  "n_val_trajectories": 20,
  "best_val_loss": 4.091832423862223e-06,
  "train_loss_curve": [
    -3.210022748372442,
    -5.763010566299026,
    -5.926104790455586,
    -5.974386060560072,
    -5.9620064658087655,
    -5.96979503373842,
    -5.983629291122024,
    -5.9898532532356885,
    -5.9942289429741935,
    -5.995351482082057,
    -5.996910262752223,
    -5.997293562502475,
    -5.998157823407972,
    -5.998265872130522,
    -5.9983634562105745
  ],
  "val_loss_curve": [
    0.00013662677520187572,
    0.0011758256434021813,
    8.215424397923543e-05,
    4.953018613282199e-05,
    6.77746052372784e-05,
    6.493030416191017e-05,
    2.0927107853870103e-05,
    2.2291885263831845e-05,
    1.3911645414497654e-05,
    1.2339833215504003e-05,
    7.956394352061724e-06,
    4.908106790791958e-06,
    5.367517228717732e-06,
    4.95505769561676e-06,
    4.091832423862223e-06
  ]
}