{
  "model": "PINNResidualNet",
  "device": "cpu",
  "device_name": "CPU (Intel64 Family 6 Model 186 Stepping 2, GenuineIntel)",
  "n_parameters": 252172,
  "epochs_max": 15,
  "epochs_run": 15,
  "best_epoch": 15,
  "early_stopping_patience": 15,
  "training_wall_time_s": 4.16,
  "batch_size": 256,
  "window_size": 8,
  "hidden_width": 256,
  "depth": 4,
  "activation": "tanh",
  "learning_rate": 0.001,
  "lr_schedule": "cosine_annealing",
  "lambda_norm": 0.1,
  "optimizer": "Adam",
  "grad_clip_norm": 1.0,
  "n_train_samples": 9240,
  "n_val_samples": 4620,
  "n_train_trajectories": 40,
  "n_val_trajectories": 20,
  "best_val_loss": 4.189253367688875e-06,
  "train_loss_curve": [
    -4.383072032240799,
    -5.746660322756381,
    -5.82205294273995,
    -5.865871803180592,
    -5.884892347696665,
    -5.89477066091589,
    -5.914548126426903,
    -5.944275714255668,
    -5.972467370935388,
    -5.978154865471092,
    -5.989567460240544,
    -5.995291310387689,
    -5.995837907533388,
    -5.998196099255536,
    -5.99829574533411
  ],
  "val_loss_curve": [
    0.0011970290583313296,
    0.000397160753460699,
    0.0004383352765886995,
    0.0004187004845957027,
    0.00013359539259813334,
    3.448848426495189e-05,
    0.0003016118150155403,
    8.470207103528082e-05,
    7.081775536215374e-05,
    7.293529587944871e-05,
    1.3396780224483288e-05,
    1.7864815976951687e-05,
    5.90789008320395e-06,
    4.785619831923932e-06,
    4.189253367688875e-06
  ]
}