{
  "model": "PINNResidualNet",
  "device": "cpu",
  "device_name": "CPU (Intel64 Family 6 Model 186 Stepping 2, GenuineIntel)",
  "n_parameters": 76940,
  "epochs_max": 15,
  "epochs_run": 15,
  "best_epoch": 14,
  "early_stopping_patience": 15,
  "training_wall_time_s": 3.31,
  "batch_size": 256,
  "window_size": 8,
  "hidden_width": 128,
  "depth": 4,
  "activation": "tanh",
  "learning_rate": 0.0003,
  "lr_schedule": "cosine_annealing",
  "lambda_norm": 0.1,
  "optimizer": "Adam",
  "grad_clip_norm": 1.0,
  "n_train_samples": 9240,
  "n_val_samples": 4620,
  "n_train_trajectories": 40,
  "n_val_trajectories": 20,
  "best_val_loss": 4.10405065945509e-06,
  "train_loss_curve": [
    -1.3689098951180239,
    -3.913025881793048,
    -5.4188456406464445,
    -5.94582766455573,
    -5.994531270619985,
    -5.996141781678071,
    -5.996917737496866,
    -5.99744193618362,
    -5.997928387409932,
    -5.997922794238941,
    -5.997925152649751,
    -5.998240316236341,
    -5.998306815688674,
    -5.998304044878161,
    -5.998359126013678
  ],
  "val_loss_curve": [
    7.704541751177443e-05,
    9.777667592540015e-06,
    8.66808419998147e-06,
    1.1370505920862534e-05,
    1.3471902619992187e-05,
    5.653878373011953e-06,
    6.288836582251334e-06,
    6.043760238658012e-06,
    5.515964140182692e-06,
    5.150409630292224e-06,
    4.683269121654264e-06,
    4.5387931478264935e-06,
    4.457043910645696e-06,
    4.10405065945509e-06,
    4.131152799776541e-06
  ]
}