{
  "model": "PINNResidualNet",
  "device": "cpu",
  "device_name": "CPU (Intel64 Family 6 Model 186 Stepping 2, GenuineIntel)",
  "n_parameters": 26188,
  "epochs_max": 15,
  "epochs_run": 15,
  "best_epoch": 15,
  "early_stopping_patience": 15,
  "training_wall_time_s": 2.92,
  "batch_size": 256,
  "window_size": 8,
  "hidden_width": 64,
  "depth": 4,
  "activation": "tanh",
  "learning_rate": 0.001,
  "lr_schedule": "cosine_annealing",
  "lambda_norm": 0.1,
  "optimizer": "Adam",
  "grad_clip_norm": 1.0,
  "n_train_samples": 9240,
  "n_val_samples": 4620,
  "n_train_trajectories": 40,
  "n_val_trajectories": 20,
  "best_val_loss": 4.1240049133768096e-06,
  "train_loss_curve": [
    -1.6002726355768941,
    -4.63110555184854,
    -5.878740761731122,
    -5.992104465897019,
    -5.99368716575004,
    -5.994022524034655,
    -5.995369808093922,
    -5.994682157361829,
    -5.996479292173643,
    -5.996942558804074,
    -5.996672591647586,
    -5.99804264790303,
    -5.998297072745658,
    -5.9983636881854085,
    -5.998390030216527
  ],
  "val_loss_curve": [
    9.049606849561984e-05,
    8.805666890877642e-05,
    2.5335447054730092e-05,
    1.4496597367197913e-05,
    2.0207727318752166e-05,
    3.945562744583616e-05,
    1.9387532072294944e-05,
    6.044871066765872e-06,
    1.2903261114460244e-05,
    8.845187721817638e-06,
    6.127813704599823e-06,
    4.778093386305141e-06,
    4.533205032873268e-06,
    4.2468649744956855e-06,
    4.1240049133768096e-06
  ]
}