{
  "model": "PINNResidualNet",
  "device": "cpu",
  "device_name": "CPU (Intel64 Family 6 Model 186 Stepping 2, GenuineIntel)",
  "n_parameters": 109964,
  "epochs_max": 15,
  "epochs_run": 15,
  "best_epoch": 15,
  "early_stopping_patience": 15,
  "training_wall_time_s": 3.73,
  "batch_size": 256,
  "window_size": 8,
  "hidden_width": 128,
  "depth": 6,
  "activation": "tanh",
  "learning_rate": 0.001,
  "lr_schedule": "cosine_annealing",
  "lambda_norm": 0.1,
  "optimizer": "Adam",
  "grad_clip_norm": 1.0,
  "n_train_samples": 9240,
  "n_val_samples": 4620,
  "n_train_trajectories": 40,
  "n_val_trajectories": 20,
  "best_val_loss": 4.053079189696674e-06,
  "train_loss_curve": [
    -3.2185764295627943,
    -5.925087606584704,
    -5.945763678164096,
    -5.960959743809056,
    -5.982723184534021,
    -5.975238258774216,
    -5.967338781099062,
    -5.988102113878405,
    -5.992756792016931,
    -5.9839302269188135,
    -5.994240103541194,
    -5.9974214966232715,
    -5.998062636401202,
    -5.9982501236168115,
    -5.998379913536278
  ],
  "val_loss_curve": [
    8.590330368238746e-05,
    0.00014259558864930448,
    8.292972205182243e-05,
    5.3474909739299237e-05,
    2.8069777966409577e-05,
    0.00012589629745650055,
    5.7191175552648734e-05,
    2.9038397674173067e-05,
    6.832807412138209e-05,
    5.803422448623582e-05,
    1.0688359093604193e-05,
    5.848411164104044e-06,
    4.714651571415934e-06,
    4.402144177698861e-06,
    4.053079189696674e-06
  ]
}