{
  "model": "PINNResidualNet",
  "device": "cpu",
  "device_name": "CPU (Intel64 Family 6 Model 186 Stepping 2, GenuineIntel)",
  "n_parameters": 43916,
  "epochs_max": 15,
  "epochs_run": 15,
  "best_epoch": 15,
  "early_stopping_patience": 15,
  "training_wall_time_s": 17.4,
  "batch_size": 256,
  "window_size": 8,
  "hidden_width": 128,
  "depth": 2,
  "activation": "tanh",
  "learning_rate": 0.001,
  "lr_schedule": "cosine_annealing",
  "lambda_norm": 0.1,
  "optimizer": "Adam",
  "grad_clip_norm": 1.0,
  "n_train_samples": 9240,
  "n_val_samples": 4620,
  "n_train_trajectories": 40,
  "n_val_trajectories": 20,
  "best_val_loss": 8.021792190878554e-06,
  "train_loss_curve": [
    -3.0548509873349117,
    -5.764070162902007,
    -5.956734128900476,
    -5.971003248884871,
    -5.9786454664694295,
    -5.983443608155122,
    -5.986973530537373,
    -5.989506541071711,
    -5.986958001111005,
    -5.991217767870104,
    -5.995438163344924,
    -5.9962684012748095,
    -5.99670054461505,
    -5.9969816594510466,
    -5.9971928983121305
  ],
  "val_loss_curve": [
    0.0003719110919567021,
    6.58993948921929e-05,
    6.294825154901973e-05,
    0.00010067865208073176,
    3.631691862737123e-05,
    5.39783018451233e-05,
    3.5618257721867654e-05,
    1.6910013552038244e-05,
    1.8046833773903353e-05,
    1.4383319108004033e-05,
    1.708526600084856e-05,
    9.284279760896952e-06,
    9.124986155783469e-06,
    8.284634915119233e-06,
    8.021792190878554e-06
  ]
}