{
  "model": "PINNResidualNet",
  "device": "cpu",
  "device_name": "CPU (Intel64 Family 6 Model 186 Stepping 2, GenuineIntel)",
  "n_parameters": 76940,
  "epochs_max": 15,
  "epochs_run": 15,
  "best_epoch": 15,
  "early_stopping_patience": 15,
  "training_wall_time_s": 3.23,
  "batch_size": 256,
  "window_size": 8,
  "hidden_width": 128,
  "depth": 4,
  "activation": "tanh",
  "learning_rate": 0.001,
  "lr_schedule": "cosine_annealing",
  "lambda_norm": 0.1,
  "optimizer": "Adam",
  "grad_clip_norm": 1.0,
  "n_train_samples": 9240,
  "n_val_samples": 4620,
  "n_train_trajectories": 40,
  "n_val_trajectories": 20,
  "best_val_loss": 4.1803608370939495e-06,
  "train_loss_curve": [
    -2.9478989215316,
    -5.858875790157834,
    -5.972348470945616,
    -5.980499963502626,
    -5.985183019895811,
    -5.982424800460403,
    -5.987992376894565,
    -5.98287752512339,
    -5.9723163037686735,
    -5.990798073845941,
    -5.9963668745917245,
    -5.99765445090629,
    -5.997847634392816,
    -5.998245458345155,
    -5.998338299828607
  ],
  "val_loss_curve": [
    0.00014677898893990604,
    7.683096574558141e-05,
    4.707414202704584e-05,
    5.2177777098749125e-05,
    9.919485302433666e-05,
    4.471117637493942e-05,
    1.476276668798068e-05,
    0.0001228302173426767,
    0.00010135306288966124,
    1.0959366974068535e-05,
    4.6902227411824e-06,
    6.276667567075683e-06,
    5.300327158788844e-06,
    4.589288461207425e-06,
    4.1803608370939495e-06
  ]
}