{
  "model": "PINNResidualNet",
  "device": "cpu",
  "device_name": "CPU (Intel64 Family 6 Model 186 Stepping 2, GenuineIntel)",
  "n_parameters": 76940,
  "epochs_max": 15,
  "epochs_run": 15,
  "best_epoch": 15,
  "early_stopping_patience": 15,
  "training_wall_time_s": 3.23,
  "batch_size": 256,
  "window_size": 8,
  "hidden_width": 128,
  "depth": 4,
  "activation": "tanh",
  "learning_rate": 0.001,
  "lr_schedule": "cosine_annealing",
  "lambda_norm": 0.0,
  "optimizer": "Adam",
  "grad_clip_norm": 1.0,
  "n_train_samples": 9240,
  "n_val_samples": 4620,
  "n_train_trajectories": 40,
  "n_val_trajectories": 20,
  "best_val_loss": 4.101645913578977e-06,
  "train_loss_curve": [
    -3.2940585747159816,
    -5.877685701524889,
    -5.9710577114208325,
    -5.983248903944686,
    -5.9845444318410514,
    -5.985903984791523,
    -5.983994496835245,
    -5.9892398215628955,
    -5.982711727554734,
    -5.990246991853456,
    -5.9966619594677075,
    -5.997659438365215,
    -5.998029721749796,
    -5.998015777484791,
    -5.998344808011441
  ],
  "val_loss_curve": [
    0.0001738681327735417,
    1.9187611638029156e-05,
    4.308603188531522e-05,
    3.872627463639028e-05,
    2.408351290222e-05,
    3.163544725363241e-05,
    2.5517619800858054e-05,
    4.21030521178373e-05,
    3.550394381148324e-05,
    6.216071860284214e-06,
    6.094433884802704e-06,
    5.965078487765583e-06,
    7.133806727659631e-06,
    4.240844412762319e-06,
    4.101645913578977e-06
  ]
}