{
  "model": "PINNResidualNet",
  "device": "cpu",
  "device_name": "CPU (Intel64 Family 6 Model 186 Stepping 2, GenuineIntel)",
  "n_parameters": 76940,
  "epochs_max": 150,
  "epochs_run": 16,
  "best_epoch": 1,
  "early_stopping_patience": 15,
  "training_wall_time_s": 6.08,
  "batch_size": 256,
  "window_size": 8,
  "hidden_width": 128,
  "depth": 4,
  "activation": "tanh",
  "learning_rate": 0.001,
  "lr_schedule": "cosine_annealing",
  "lambda_norm": 0.1,
  "optimizer": "Adam",
  "grad_clip_norm": 1.0,
  "n_train_samples": 18480,
  "n_val_samples": 4620,
  "n_train_trajectories": 80,
  "n_val_trajectories": 20,
  "best_val_loss": 1.3571008103577984e-05,
  "train_loss_curve": [
    -4.679203216854024,
    -5.9736339360067285,
    -5.975200163174982,
    -5.9704042199539815,
    -5.972276863986498,
    -5.939861787508612,
    -5.958864414528625,
    -5.974908965907685,
    -5.976962194050828,
    -5.981546499957777,
    -5.984022552019929,
    -5.979129255634465,
    -5.975661277770996,
    -5.968412275183691,
    -5.9805140429980135,
    -5.984082124004625
  ],
  "val_loss_curve": [
    1.3571008103577984e-05,
    5.986136487703525e-05,
    6.191977866508655e-05,
    5.4432212652356705e-05,
    9.1560096112325e-05,
    7.955820604509331e-05,
    3.16567821803466e-05,
    6.579814534664987e-05,
    6.149624555531006e-05,
    3.7064807608993233e-05,
    6.374832389012322e-05,
    7.14662842495416e-05,
    4.216665930519077e-05,
    4.686152992929381e-05,
    4.517072068809188e-05,
    3.970907748321464e-05
  ]
}