{
  "model": "ResidualTransformer",
  "device": "cpu",
  "device_name": "CPU (Intel64 Family 6 Model 186 Stepping 2, GenuineIntel)",
  "n_parameters": 78623,
  "epochs_run": 80,
  "best_epoch": 48,
  "training_wall_time_s": 192.37,
  "batch_size": 256,
  "window_size": 8,
  "model_dim": 64,
  "num_heads": 4,
  "num_layers": 2,
  "learning_rate": 0.001,
  "optimizer": "AdamW",
  "n_train_samples": 18480,
  "n_val_samples": 4620,
  "best_val_loss": 28.43966908203928,
  "train_loss_curve": [
    944293.3287671233,
    934190.6224315069,
    912594.9640410959,
    877933.2714041095,
    829517.1609589041,
    767507.5702054794,
    692996.982020548,
    607404.142979452,
    512540.8407534247,
    409825.5376712329,
    302869.0158390411,
    197853.9113869863,
    104601.33336900685,
    35928.57211847175,
    6729.0489150791955,
    5102.022955907534,
    4129.655801851455,
    1146.6505302533712,
    220.72281040557442,
    109.12255932533577,
    80.50400935133842,
    68.6595988861502,
    62.79962346325182,
    55.57923664458811,
    54.08886170060667,
    51.117200302751094,
    45.750985054120626,
    42.850270571774,
    43.30549963859663,
    38.98262324398511,
    38.04168761266421,
    37.162487526462506,
    39.901605553822975,
    35.1978928552915,
    32.65900272212616,
    34.64879093431447,
    104.3717141086108,
    93.89599541442036,
    54.23945050696804,
    38.63413215010134,
    35.15486118891468,
    35.74561422165126,
    31.719909354431987,
    31.125970474661212,
    30.400622328666792,
    29.862332357119207,
    32.5296994823299,
    29.178280556038633,
    28.87682953925982,
    35.38801517225291,
    26.302519628446397,
    37.660727252698926,
    25.835785016621628,
    27.334560368159046,
    25.725798881217226,
    25.34662761426952,
    23.98914945942082,
    24.727789891909246,
    25.105302889053135,
    26.335639718460712,
    24.718336523395696,
    25.959251847985673,
    25.349380571548252,
    30.120159070785732,
    25.60232282664678,
    25.75241917126799,
    25.243676068031625,
    21.49471906113298,
    19.018637565717306,
    22.848261258373523,
    20.46725459947978,
    20.228349450516376,
    19.533911313096137,
    20.000262103668632,
    19.1595056742838,
    22.798224004980636,
    23.48958698690754,
    18.65827824318246,
    17.42852344251659,
    24.640236201351637
  ],
  "val_loss_curve": [
    1882100.1710526317,
    1850680.4210526317,
    1794193.730263158,
    1710664.9342105263,
    1599487.375,
    1461880.4078947369,
    1300585.769736842,
    1119169.7236842106,
    920502.0230263158,
    709451.0822368421,
    495307.08717105264,
    294173.7335526316,
    128626.63815789473,
    27204.964535361843,
    11235.247944078947,
    10873.263517680922,
    5574.3148386101975,
    794.8243408203125,
    257.9073526482833,
    130.09869465075042,
    96.84988604093853,
    75.77517077797337,
    59.06838206241005,
    69.32614778217517,
    67.02145486128957,
    59.130857266877825,
    62.245482193796256,
    78.42594106573807,
    32.87269527033756,
    41.337704608314915,
    40.71907505236174,
    46.70296960127981,
    50.302088486520866,
    42.3785841088546,
    39.25381464707224,
    60.16368444342362,
    271.22200373599406,
    55.93360890840229,
    85.65935436048005,
    35.551113279242266,
    50.88560596265291,
    37.78956066934686,
    43.6737252285606,
    33.78937671059057,
    44.317175814979954,
    32.38074415608456,
    36.93393210360878,
    28.43966908203928,
    63.69084679452997,
    38.00063921275892,
    33.8242466575221,
    46.9126793710809,
    56.91771376760382,
    39.901026474802116,
    33.78652166065417,
    33.90939511750874,
    45.512565211245885,
    87.93724481683029,
    30.73368860545911,
    35.706897384242005,
    43.73795017443205,
    45.101529472752624,
    72.11082197490491,
    33.70581657008121,
    75.51729543585526,
    38.52424531233938,
    33.636493733054714,
    30.542618600945723,
    83.61316781294973,
    35.50644874572754,
    43.879457774915196,
    56.850845738461146,
    32.64638428939016,
    34.832341495313145,
    30.31744811409398,
    54.58202050861559,
    52.53439381248072,
    42.91081408450478,
    35.07011423612896,
    44.978472659462376
  ]
}